<?xml version='1.0' encoding='utf-8'?>
<Chamados>
    <Chamado>
        <IDChamado>1</IDChamado>
        <DataAbertura>2025-03-21</DataAbertura>
        <DataFechamento>2025-03-24</DataFechamento>
        <IDCliente>C008</IDCliente>
        <IDTécnico>T005</IDTécnico>
        <TipodeProblema>Hardware</TipodeProblema>
        <Status>Fechado</Status>
    </Chamado>
    <Chamado>
        <IDChamado>2</IDChamado>
        <DataAbertura>2025-02-08</DataAbertura>
        <DataFechamento>2025-02-17</DataFechamento>
        <IDCliente>C017</IDCliente>
        <IDTécnico>T010</IDTécnico>
        <TipodeProblema>Rede</TipodeProblema>
        <Status>Fechado</Status>
    </Chamado>
    <Chamado>
        <IDChamado>3</IDChamado>
        <DataAbertura>2025-01-11</DataAbertura>
        <DataFechamento>2025-01-15</DataFechamento>
        <IDCliente>C016</IDCliente>
        <IDTécnico>T005</IDTécnico>
        <TipodeProblema>Impressora</TipodeProblema>
        <Status>Fechado</Status>
    </Chamado>
    <Chamado>
        <IDChamado>4</IDChamado>
        <DataAbertura>2025-03-18</DataAbertura>
        <DataFechamento />
        <IDCliente>C014</IDCliente>
        <IDTécnico>T004</IDTécnico>
        <TipodeProblema>Rede</TipodeProblema>
        <Status>Aberto</Status>
    </Chamado>
    <Chamado>
        <IDChamado>5</IDChamado>
        <DataAbertura>2025-01-08</DataAbertura>
        <DataFechamento>2025-01-08</DataFechamento>
        <IDCliente>C012</IDCliente>
        <IDTécnico>T002</IDTécnico>
        <TipodeProblema>Impressora</TipodeProblema>
        <Status>Fechado</Status>
    </Chamado>
    <Chamado>
        <IDChamado>6</IDChamado>
        <DataAbertura>2025-01-03</DataAbertura>
        <DataFechamento>2025-01-11</DataFechamento>
        <IDCliente>C015</IDCliente>
        <IDTécnico>T001</IDTécnico>
        <TipodeProblema>Impressora</TipodeProblema>
        <Status>Fechado</Status>
    </Chamado>
    <Chamado>
        <IDChamado>7</IDChamado>
        <DataAbertura>2025-03-26</DataAbertura>
        <DataFechamento>2025-04-04</DataFechamento>
        <IDCliente>C006</IDCliente>
        <IDTécnico>T002</IDTécnico>
        <TipodeProblema>Hardware</TipodeProblema>
        <Status>Fechado</Status>
    </Chamado>
    <Chamado>
        <IDChamado>8</IDChamado>
        <DataAbertura>2025-02-28</DataAbertura>
        <DataFechamento>2025-03-03</DataFechamento>
        <IDCliente>C012</IDCliente>
        <IDTécnico>T002</IDTécnico>
        <TipodeProblema>Impressora</TipodeProblema>
        <Status>Fechado</Status>
    </Chamado>
    <Chamado>
        <IDChamado>9</IDChamado>
        <DataAbertura>2025-02-14</DataAbertura>
        <DataFechamento>2025-02-19</DataFechamento>
        <IDCliente>C010</IDCliente>
        <IDTécnico>T005</IDTécnico>
        <TipodeProblema>Login</TipodeProblema>
        <Status>Fechado</Status>
    </Chamado>
    <Chamado>
        <IDChamado>10</IDChamado>
        <DataAbertura>2025-03-27</DataAbertura>
        <DataFechamento>2025-03-28</DataFechamento>
        <IDCliente>C002</IDCliente>
        <IDTécnico>T005</IDTécnico>
        <TipodeProblema>Rede</TipodeProblema>
        <Status>Fechado</Status>
    </Chamado>
    <Chamado>
        <IDChamado>11</IDChamado>
        <DataAbertura>2025-01-26</DataAbertura>
        <DataFechamento>2025-01-27</DataFechamento>
        <IDCliente>C018</IDCliente>
        <IDTécnico>T005</IDTécnico>
        <TipodeProblema>Hardware</TipodeProblema>
        <Status>Fechado</Status>
    </Chamado>
    <Chamado>
        <IDChamado>12</IDChamado>
        <DataAbertura>2025-01-17</DataAbertura>
        <DataFechamento>2025-01-24</DataFechamento>
        <IDCliente>C018</IDCliente>
        <IDTécnico>T010</IDTécnico>
        <TipodeProblema>Sistema Lento</TipodeProblema>
        <Status>Fechado</Status>
    </Chamado>
    <Chamado>
        <IDChamado>13</IDChamado>
        <DataAbertura>2025-03-24</DataAbertura>
        <DataFechamento />
        <IDCliente>C008</IDCliente>
        <IDTécnico>T001</IDTécnico>
        <TipodeProblema>Sistema Lento</TipodeProblema>
        <Status>Aberto</Status>
    </Chamado>
    <Chamado>
        <IDChamado>14</IDChamado>
        <DataAbertura>2025-01-30</DataAbertura>
        <DataFechamento>2025-02-06</DataFechamento>
        <IDCliente>C008</IDCliente>
        <IDTécnico>T006</IDTécnico>
        <TipodeProblema>Hardware</TipodeProblema>
        <Status>Fechado</Status>
    </Chamado>
    <Chamado>
        <IDChamado>15</IDChamado>
        <DataAbertura>2025-02-24</DataAbertura>
        <DataFechamento>2025-02-28</DataFechamento>
        <IDCliente>C014</IDCliente>
        <IDTécnico>T010</IDTécnico>
        <TipodeProblema>Login</TipodeProblema>
        <Status>Fechado</Status>
    </Chamado>
    <Chamado>
        <IDChamado>16</IDChamado>
        <DataAbertura>2025-01-06</DataAbertura>
        <DataFechamento>2025-01-15</DataFechamento>
        <IDCliente>C004</IDCliente>
        <IDTécnico>T001</IDTécnico>
        <TipodeProblema>Rede</TipodeProblema>
        <Status>Fechado</Status>
    </Chamado>
    <Chamado>
        <IDChamado>17</IDChamado>
        <DataAbertura>2025-03-29</DataAbertura>
        <DataFechamento />
        <IDCliente>C003</IDCliente>
        <IDTécnico>T009</IDTécnico>
        <TipodeProblema>Impressora</TipodeProblema>
        <Status>Em Andamento</Status>
    </Chamado>
    <Chamado>
        <IDChamado>18</IDChamado>
        <DataAbertura>2025-01-25</DataAbertura>
        <DataFechamento>2025-01-31</DataFechamento>
        <IDCliente>C009</IDCliente>
        <IDTécnico>T007</IDTécnico>
        <TipodeProblema>Rede</TipodeProblema>
        <Status>Fechado</Status>
    </Chamado>
    <Chamado>
        <IDChamado>19</IDChamado>
        <DataAbertura>2025-03-23</DataAbertura>
        <DataFechamento>2025-03-30</DataFechamento>
        <IDCliente>C005</IDCliente>
        <IDTécnico>T005</IDTécnico>
        <TipodeProblema>Software</TipodeProblema>
        <Status>Fechado</Status>
    </Chamado>
    <Chamado>
        <IDChamado>20</IDChamado>
        <DataAbertura>2025-01-22</DataAbertura>
        <DataFechamento>2025-01-22</DataFechamento>
        <IDCliente>C008</IDCliente>
        <IDTécnico>T007</IDTécnico>
        <TipodeProblema>Software</TipodeProblema>
        <Status>Fechado</Status>
    </Chamado>
    <Chamado>
        <IDChamado>21</IDChamado>
        <DataAbertura>2025-03-11</DataAbertura>
        <DataFechamento>2025-03-16</DataFechamento>
        <IDCliente>C016</IDCliente>
        <IDTécnico>T005</IDTécnico>
        <TipodeProblema>Sistema Lento</TipodeProblema>
        <Status>Fechado</Status>
    </Chamado>
    <Chamado>
        <IDChamado>22</IDChamado>
        <DataAbertura>2025-02-21</DataAbertura>
        <DataFechamento>2025-02-24</DataFechamento>
        <IDCliente>C020</IDCliente>
        <IDTécnico>T005</IDTécnico>
        <TipodeProblema>Impressora</TipodeProblema>
        <Status>Fechado</Status>
    </Chamado>
    <Chamado>
        <IDChamado>23</IDChamado>
        <DataAbertura>2025-02-05</DataAbertura>
        <DataFechamento>2025-02-07</DataFechamento>
        <IDCliente>C015</IDCliente>
        <IDTécnico>T003</IDTécnico>
        <TipodeProblema>Sistema Lento</TipodeProblema>
        <Status>Fechado</Status>
    </Chamado>
    <Chamado>
        <IDChamado>24</IDChamado>
        <DataAbertura>2025-02-19</DataAbertura>
        <DataFechamento>2025-02-23</DataFechamento>
        <IDCliente>C005</IDCliente>
        <IDTécnico>T002</IDTécnico>
        <TipodeProblema>Impressora</TipodeProblema>
        <Status>Fechado</Status>
    </Chamado>
    <Chamado>
        <IDChamado>25</IDChamado>
        <DataAbertura>2025-01-17</DataAbertura>
        <DataFechamento>2025-01-22</DataFechamento>
        <IDCliente>C007</IDCliente>
        <IDTécnico>T007</IDTécnico>
        <TipodeProblema>Impressora</TipodeProblema>
        <Status>Fechado</Status>
    </Chamado>
    <Chamado>
        <IDChamado>26</IDChamado>
        <DataAbertura>2025-01-22</DataAbertura>
        <DataFechamento>2025-01-29</DataFechamento>
        <IDCliente>C013</IDCliente>
        <IDTécnico>T008</IDTécnico>
        <TipodeProblema>Software</TipodeProblema>
        <Status>Fechado</Status>
    </Chamado>
    <Chamado>
        <IDChamado>27</IDChamado>
        <DataAbertura>2025-01-09</DataAbertura>
        <DataFechamento>2025-01-14</DataFechamento>
        <IDCliente>C017</IDCliente>
        <IDTécnico>T006</IDTécnico>
        <TipodeProblema>Rede</TipodeProblema>
        <Status>Fechado</Status>
    </Chamado>
    <Chamado>
        <IDChamado>28</IDChamado>
        <DataAbertura>2025-01-07</DataAbertura>
        <DataFechamento>2025-01-07</DataFechamento>
        <IDCliente>C010</IDCliente>
        <IDTécnico>T004</IDTécnico>
        <TipodeProblema>Software</TipodeProblema>
        <Status>Fechado</Status>
    </Chamado>
    <Chamado>
        <IDChamado>29</IDChamado>
        <DataAbertura>2025-02-21</DataAbertura>
        <DataFechamento />
        <IDCliente>C019</IDCliente>
        <IDTécnico>T009</IDTécnico>
        <TipodeProblema>Software</TipodeProblema>
        <Status>Em Andamento</Status>
    </Chamado>
    <Chamado>
        <IDChamado>30</IDChamado>
        <DataAbertura>2025-02-22</DataAbertura>
        <DataFechamento>2025-03-03</DataFechamento>
        <IDCliente>C020</IDCliente>
        <IDTécnico>T006</IDTécnico>
        <TipodeProblema>Software</TipodeProblema>
        <Status>Fechado</Status>
    </Chamado>
    <Chamado>
        <IDChamado>31</IDChamado>
        <DataAbertura>2025-01-05</DataAbertura>
        <DataFechamento>2025-01-09</DataFechamento>
        <IDCliente>C005</IDCliente>
        <IDTécnico>T009</IDTécnico>
        <TipodeProblema>Rede</TipodeProblema>
        <Status>Fechado</Status>
    </Chamado>
    <Chamado>
        <IDChamado>32</IDChamado>
        <DataAbertura>2025-03-20</DataAbertura>
        <DataFechamento>2025-03-29</DataFechamento>
        <IDCliente>C003</IDCliente>
        <IDTécnico>T004</IDTécnico>
        <TipodeProblema>Sistema Lento</TipodeProblema>
        <Status>Fechado</Status>
    </Chamado>
    <Chamado>
        <IDChamado>33</IDChamado>
        <DataAbertura>2025-02-14</DataAbertura>
        <DataFechamento>2025-02-23</DataFechamento>
        <IDCliente>C008</IDCliente>
        <IDTécnico>T010</IDTécnico>
        <TipodeProblema>Impressora</TipodeProblema>
        <Status>Fechado</Status>
    </Chamado>
    <Chamado>
        <IDChamado>34</IDChamado>
        <DataAbertura>2025-01-14</DataAbertura>
        <DataFechamento>2025-01-24</DataFechamento>
        <IDCliente>C003</IDCliente>
        <IDTécnico>T009</IDTécnico>
        <TipodeProblema>Sistema Lento</TipodeProblema>
        <Status>Fechado</Status>
    </Chamado>
    <Chamado>
        <IDChamado>35</IDChamado>
        <DataAbertura>2025-01-17</DataAbertura>
        <DataFechamento>2025-01-26</DataFechamento>
        <IDCliente>C002</IDCliente>
        <IDTécnico>T006</IDTécnico>
        <TipodeProblema>Login</TipodeProblema>
        <Status>Fechado</Status>
    </Chamado>
    <Chamado>
        <IDChamado>36</IDChamado>
        <DataAbertura>2025-03-15</DataAbertura>
        <DataFechamento>2025-03-19</DataFechamento>
        <IDCliente>C018</IDCliente>
        <IDTécnico>T007</IDTécnico>
        <TipodeProblema>Login</TipodeProblema>
        <Status>Fechado</Status>
    </Chamado>
    <Chamado>
        <IDChamado>37</IDChamado>
        <DataAbertura>2025-01-24</DataAbertura>
        <DataFechamento>2025-01-29</DataFechamento>
        <IDCliente>C015</IDCliente>
        <IDTécnico>T005</IDTécnico>
        <TipodeProblema>Impressora</TipodeProblema>
        <Status>Fechado</Status>
    </Chamado>
    <Chamado>
        <IDChamado>38</IDChamado>
        <DataAbertura>2025-03-07</DataAbertura>
        <DataFechamento />
        <IDCliente>C005</IDCliente>
        <IDTécnico>T008</IDTécnico>
        <TipodeProblema>Rede</TipodeProblema>
        <Status>Aberto</Status>
    </Chamado>
    <Chamado>
        <IDChamado>39</IDChamado>
        <DataAbertura>2025-03-24</DataAbertura>
        <DataFechamento>2025-03-27</DataFechamento>
        <IDCliente>C011</IDCliente>
        <IDTécnico>T007</IDTécnico>
        <TipodeProblema>Hardware</TipodeProblema>
        <Status>Fechado</Status>
    </Chamado>
    <Chamado>
        <IDChamado>40</IDChamado>
        <DataAbertura>2025-01-14</DataAbertura>
        <DataFechamento />
        <IDCliente>C002</IDCliente>
        <IDTécnico>T006</IDTécnico>
        <TipodeProblema>Hardware</TipodeProblema>
        <Status>Em Andamento</Status>
    </Chamado>
    <Chamado>
        <IDChamado>41</IDChamado>
        <DataAbertura>2025-02-02</DataAbertura>
        <DataFechamento>2025-02-12</DataFechamento>
        <IDCliente>C001</IDCliente>
        <IDTécnico>T007</IDTécnico>
        <TipodeProblema>Login</TipodeProblema>
        <Status>Fechado</Status>
    </Chamado>
    <Chamado>
        <IDChamado>42</IDChamado>
        <DataAbertura>2025-03-11</DataAbertura>
        <DataFechamento>2025-03-16</DataFechamento>
        <IDCliente>C006</IDCliente>
        <IDTécnico>T007</IDTécnico>
        <TipodeProblema>Software</TipodeProblema>
        <Status>Fechado</Status>
    </Chamado>
    <Chamado>
        <IDChamado>43</IDChamado>
        <DataAbertura>2025-03-11</DataAbertura>
        <DataFechamento>2025-03-14</DataFechamento>
        <IDCliente>C005</IDCliente>
        <IDTécnico>T006</IDTécnico>
        <TipodeProblema>Login</TipodeProblema>
        <Status>Fechado</Status>
    </Chamado>
    <Chamado>
        <IDChamado>44</IDChamado>
        <DataAbertura>2025-01-20</DataAbertura>
        <DataFechamento />
        <IDCliente>C009</IDCliente>
        <IDTécnico>T009</IDTécnico>
        <TipodeProblema>Sistema Lento</TipodeProblema>
        <Status>Aberto</Status>
    </Chamado>
    <Chamado>
        <IDChamado>45</IDChamado>
        <DataAbertura>2025-03-28</DataAbertura>
        <DataFechamento>2025-04-05</DataFechamento>
        <IDCliente>C013</IDCliente>
        <IDTécnico>T003</IDTécnico>
        <TipodeProblema>Sistema Lento</TipodeProblema>
        <Status>Fechado</Status>
    </Chamado>
    <Chamado>
        <IDChamado>46</IDChamado>
        <DataAbertura>2025-01-16</DataAbertura>
        <DataFechamento>2025-01-25</DataFechamento>
        <IDCliente>C009</IDCliente>
        <IDTécnico>T002</IDTécnico>
        <TipodeProblema>Sistema Lento</TipodeProblema>
        <Status>Fechado</Status>
    </Chamado>
    <Chamado>
        <IDChamado>47</IDChamado>
        <DataAbertura>2025-02-22</DataAbertura>
        <DataFechamento>2025-03-04</DataFechamento>
        <IDCliente>C003</IDCliente>
        <IDTécnico>T002</IDTécnico>
        <TipodeProblema>Rede</TipodeProblema>
        <Status>Fechado</Status>
    </Chamado>
    <Chamado>
        <IDChamado>48</IDChamado>
        <DataAbertura>2025-01-23</DataAbertura>
        <DataFechamento>2025-02-02</DataFechamento>
        <IDCliente>C013</IDCliente>
        <IDTécnico>T010</IDTécnico>
        <TipodeProblema>Software</TipodeProblema>
        <Status>Fechado</Status>
    </Chamado>
    <Chamado>
        <IDChamado>49</IDChamado>
        <DataAbertura>2025-02-18</DataAbertura>
        <DataFechamento>2025-02-18</DataFechamento>
        <IDCliente>C017</IDCliente>
        <IDTécnico>T007</IDTécnico>
        <TipodeProblema>Sistema Lento</TipodeProblema>
        <Status>Fechado</Status>
    </Chamado>
    <Chamado>
        <IDChamado>50</IDChamado>
        <DataAbertura>2025-02-24</DataAbertura>
        <DataFechamento />
        <IDCliente>C001</IDCliente>
        <IDTécnico>T003</IDTécnico>
        <TipodeProblema>Hardware</TipodeProblema>
        <Status>Em Andamento</Status>
    </Chamado>
    <Chamado>
        <IDChamado>51</IDChamado>
        <DataAbertura>2025-01-17</DataAbertura>
        <DataFechamento>2025-01-26</DataFechamento>
        <IDCliente>C010</IDCliente>
        <IDTécnico>T002</IDTécnico>
        <TipodeProblema>Login</TipodeProblema>
        <Status>Fechado</Status>
    </Chamado>
    <Chamado>
        <IDChamado>52</IDChamado>
        <DataAbertura>2025-03-18</DataAbertura>
        <DataFechamento />
        <IDCliente>C019</IDCliente>
        <IDTécnico>T003</IDTécnico>
        <TipodeProblema>Rede</TipodeProblema>
        <Status>Em Andamento</Status>
    </Chamado>
    <Chamado>
        <IDChamado>53</IDChamado>
        <DataAbertura>2025-01-25</DataAbertura>
        <DataFechamento />
        <IDCliente>C010</IDCliente>
        <IDTécnico>T001</IDTécnico>
        <TipodeProblema>Impressora</TipodeProblema>
        <Status>Em Andamento</Status>
    </Chamado>
    <Chamado>
        <IDChamado>54</IDChamado>
        <DataAbertura>2025-02-02</DataAbertura>
        <DataFechamento>2025-02-04</DataFechamento>
        <IDCliente>C006</IDCliente>
        <IDTécnico>T008</IDTécnico>
        <TipodeProblema>Rede</TipodeProblema>
        <Status>Fechado</Status>
    </Chamado>
    <Chamado>
        <IDChamado>55</IDChamado>
        <DataAbertura>2025-03-03</DataAbertura>
        <DataFechamento>2025-03-04</DataFechamento>
        <IDCliente>C005</IDCliente>
        <IDTécnico>T006</IDTécnico>
        <TipodeProblema>Hardware</TipodeProblema>
        <Status>Fechado</Status>
    </Chamado>
    <Chamado>
        <IDChamado>56</IDChamado>
        <DataAbertura>2025-01-18</DataAbertura>
        <DataFechamento>2025-01-18</DataFechamento>
        <IDCliente>C019</IDCliente>
        <IDTécnico>T009</IDTécnico>
        <TipodeProblema>Software</TipodeProblema>
        <Status>Fechado</Status>
    </Chamado>
    <Chamado>
        <IDChamado>57</IDChamado>
        <DataAbertura>2025-03-25</DataAbertura>
        <DataFechamento>2025-04-01</DataFechamento>
        <IDCliente>C020</IDCliente>
        <IDTécnico>T009</IDTécnico>
        <TipodeProblema>Hardware</TipodeProblema>
        <Status>Fechado</Status>
    </Chamado>
    <Chamado>
        <IDChamado>58</IDChamado>
        <DataAbertura>2025-03-20</DataAbertura>
        <DataFechamento />
        <IDCliente>C020</IDCliente>
        <IDTécnico>T001</IDTécnico>
        <TipodeProblema>Sistema Lento</TipodeProblema>
        <Status>Em Andamento</Status>
    </Chamado>
    <Chamado>
        <IDChamado>59</IDChamado>
        <DataAbertura>2025-01-23</DataAbertura>
        <DataFechamento>2025-01-24</DataFechamento>
        <IDCliente>C001</IDCliente>
        <IDTécnico>T002</IDTécnico>
        <TipodeProblema>Rede</TipodeProblema>
        <Status>Fechado</Status>
    </Chamado>
    <Chamado>
        <IDChamado>60</IDChamado>
        <DataAbertura>2025-02-11</DataAbertura>
        <DataFechamento>2025-02-17</DataFechamento>
        <IDCliente>C009</IDCliente>
        <IDTécnico>T005</IDTécnico>
        <TipodeProblema>Rede</TipodeProblema>
        <Status>Fechado</Status>
    </Chamado>
    <Chamado>
        <IDChamado>61</IDChamado>
        <DataAbertura>2025-01-15</DataAbertura>
        <DataFechamento />
        <IDCliente>C005</IDCliente>
        <IDTécnico>T008</IDTécnico>
        <TipodeProblema>Sistema Lento</TipodeProblema>
        <Status>Em Andamento</Status>
    </Chamado>
    <Chamado>
        <IDChamado>62</IDChamado>
        <DataAbertura>2025-01-13</DataAbertura>
        <DataFechamento>2025-01-14</DataFechamento>
        <IDCliente>C001</IDCliente>
        <IDTécnico>T008</IDTécnico>
        <TipodeProblema>Impressora</TipodeProblema>
        <Status>Fechado</Status>
    </Chamado>
    <Chamado>
        <IDChamado>63</IDChamado>
        <DataAbertura>2025-03-18</DataAbertura>
        <DataFechamento>2025-03-22</DataFechamento>
        <IDCliente>C015</IDCliente>
        <IDTécnico>T007</IDTécnico>
        <TipodeProblema>Software</TipodeProblema>
        <Status>Fechado</Status>
    </Chamado>
    <Chamado>
        <IDChamado>64</IDChamado>
        <DataAbertura>2025-03-11</DataAbertura>
        <DataFechamento>2025-03-13</DataFechamento>
        <IDCliente>C002</IDCliente>
        <IDTécnico>T009</IDTécnico>
        <TipodeProblema>Rede</TipodeProblema>
        <Status>Fechado</Status>
    </Chamado>
    <Chamado>
        <IDChamado>65</IDChamado>
        <DataAbertura>2025-03-08</DataAbertura>
        <DataFechamento>2025-03-11</DataFechamento>
        <IDCliente>C011</IDCliente>
        <IDTécnico>T010</IDTécnico>
        <TipodeProblema>Hardware</TipodeProblema>
        <Status>Fechado</Status>
    </Chamado>
    <Chamado>
        <IDChamado>66</IDChamado>
        <DataAbertura>2025-03-08</DataAbertura>
        <DataFechamento>2025-03-17</DataFechamento>
        <IDCliente>C001</IDCliente>
        <IDTécnico>T010</IDTécnico>
        <TipodeProblema>Rede</TipodeProblema>
        <Status>Fechado</Status>
    </Chamado>
    <Chamado>
        <IDChamado>67</IDChamado>
        <DataAbertura>2025-01-03</DataAbertura>
        <DataFechamento />
        <IDCliente>C003</IDCliente>
        <IDTécnico>T007</IDTécnico>
        <TipodeProblema>Hardware</TipodeProblema>
        <Status>Em Andamento</Status>
    </Chamado>
    <Chamado>
        <IDChamado>68</IDChamado>
        <DataAbertura>2025-01-04</DataAbertura>
        <DataFechamento>2025-01-08</DataFechamento>
        <IDCliente>C007</IDCliente>
        <IDTécnico>T006</IDTécnico>
        <TipodeProblema>Sistema Lento</TipodeProblema>
        <Status>Fechado</Status>
    </Chamado>
    <Chamado>
        <IDChamado>69</IDChamado>
        <DataAbertura>2025-01-19</DataAbertura>
        <DataFechamento />
        <IDCliente>C010</IDCliente>
        <IDTécnico>T006</IDTécnico>
        <TipodeProblema>Login</TipodeProblema>
        <Status>Aberto</Status>
    </Chamado>
    <Chamado>
        <IDChamado>70</IDChamado>
        <DataAbertura>2025-03-14</DataAbertura>
        <DataFechamento>2025-03-23</DataFechamento>
        <IDCliente>C009</IDCliente>
        <IDTécnico>T007</IDTécnico>
        <TipodeProblema>Sistema Lento</TipodeProblema>
        <Status>Fechado</Status>
    </Chamado>
    <Chamado>
        <IDChamado>71</IDChamado>
        <DataAbertura>2025-02-08</DataAbertura>
        <DataFechamento />
        <IDCliente>C017</IDCliente>
        <IDTécnico>T003</IDTécnico>
        <TipodeProblema>Impressora</TipodeProblema>
        <Status>Em Andamento</Status>
    </Chamado>
    <Chamado>
        <IDChamado>72</IDChamado>
        <DataAbertura>2025-03-23</DataAbertura>
        <DataFechamento>2025-03-26</DataFechamento>
        <IDCliente>C003</IDCliente>
        <IDTécnico>T010</IDTécnico>
        <TipodeProblema>Rede</TipodeProblema>
        <Status>Fechado</Status>
    </Chamado>
    <Chamado>
        <IDChamado>73</IDChamado>
        <DataAbertura>2025-03-01</DataAbertura>
        <DataFechamento>2025-03-04</DataFechamento>
        <IDCliente>C014</IDCliente>
        <IDTécnico>T010</IDTécnico>
        <TipodeProblema>Impressora</TipodeProblema>
        <Status>Fechado</Status>
    </Chamado>
    <Chamado>
        <IDChamado>74</IDChamado>
        <DataAbertura>2025-02-18</DataAbertura>
        <DataFechamento>2025-02-25</DataFechamento>
        <IDCliente>C009</IDCliente>
        <IDTécnico>T005</IDTécnico>
        <TipodeProblema>Sistema Lento</TipodeProblema>
        <Status>Fechado</Status>
    </Chamado>
    <Chamado>
        <IDChamado>75</IDChamado>
        <DataAbertura>2025-03-14</DataAbertura>
        <DataFechamento>2025-03-24</DataFechamento>
        <IDCliente>C009</IDCliente>
        <IDTécnico>T002</IDTécnico>
        <TipodeProblema>Hardware</TipodeProblema>
        <Status>Fechado</Status>
    </Chamado>
    <Chamado>
        <IDChamado>76</IDChamado>
        <DataAbertura>2025-02-09</DataAbertura>
        <DataFechamento>2025-02-12</DataFechamento>
        <IDCliente>C013</IDCliente>
        <IDTécnico>T008</IDTécnico>
        <TipodeProblema>Rede</TipodeProblema>
        <Status>Fechado</Status>
    </Chamado>
    <Chamado>
        <IDChamado>77</IDChamado>
        <DataAbertura>2025-02-10</DataAbertura>
        <DataFechamento>2025-02-12</DataFechamento>
        <IDCliente>C015</IDCliente>
        <IDTécnico>T003</IDTécnico>
        <TipodeProblema>Sistema Lento</TipodeProblema>
        <Status>Fechado</Status>
    </Chamado>
    <Chamado>
        <IDChamado>78</IDChamado>
        <DataAbertura>2025-01-25</DataAbertura>
        <DataFechamento>2025-02-01</DataFechamento>
        <IDCliente>C020</IDCliente>
        <IDTécnico>T007</IDTécnico>
        <TipodeProblema>Software</TipodeProblema>
        <Status>Fechado</Status>
    </Chamado>
    <Chamado>
        <IDChamado>79</IDChamado>
        <DataAbertura>2025-02-14</DataAbertura>
        <DataFechamento />
        <IDCliente>C004</IDCliente>
        <IDTécnico>T009</IDTécnico>
        <TipodeProblema>Impressora</TipodeProblema>
        <Status>Em Andamento</Status>
    </Chamado>
    <Chamado>
        <IDChamado>80</IDChamado>
        <DataAbertura>2025-02-05</DataAbertura>
        <DataFechamento />
        <IDCliente>C014</IDCliente>
        <IDTécnico>T006</IDTécnico>
        <TipodeProblema>Login</TipodeProblema>
        <Status>Em Andamento</Status>
    </Chamado>
    <Chamado>
        <IDChamado>81</IDChamado>
        <DataAbertura>2025-03-23</DataAbertura>
        <DataFechamento>2025-03-30</DataFechamento>
        <IDCliente>C008</IDCliente>
        <IDTécnico>T006</IDTécnico>
        <TipodeProblema>Hardware</TipodeProblema>
        <Status>Fechado</Status>
    </Chamado>
    <Chamado>
        <IDChamado>82</IDChamado>
        <DataAbertura>2025-02-28</DataAbertura>
        <DataFechamento>2025-03-02</DataFechamento>
        <IDCliente>C003</IDCliente>
        <IDTécnico>T004</IDTécnico>
        <TipodeProblema>Impressora</TipodeProblema>
        <Status>Fechado</Status>
    </Chamado>
    <Chamado>
        <IDChamado>83</IDChamado>
        <DataAbertura>2025-02-14</DataAbertura>
        <DataFechamento>2025-02-18</DataFechamento>
        <IDCliente>C017</IDCliente>
        <IDTécnico>T004</IDTécnico>
        <TipodeProblema>Software</TipodeProblema>
        <Status>Fechado</Status>
    </Chamado>
    <Chamado>
        <IDChamado>84</IDChamado>
        <DataAbertura>2025-01-24</DataAbertura>
        <DataFechamento>2025-01-29</DataFechamento>
        <IDCliente>C006</IDCliente>
        <IDTécnico>T002</IDTécnico>
        <TipodeProblema>Impressora</TipodeProblema>
        <Status>Fechado</Status>
    </Chamado>
    <Chamado>
        <IDChamado>85</IDChamado>
        <DataAbertura>2025-02-04</DataAbertura>
        <DataFechamento>2025-02-13</DataFechamento>
        <IDCliente>C005</IDCliente>
        <IDTécnico>T007</IDTécnico>
        <TipodeProblema>Hardware</TipodeProblema>
        <Status>Fechado</Status>
    </Chamado>
    <Chamado>
        <IDChamado>86</IDChamado>
        <DataAbertura>2025-03-02</DataAbertura>
        <DataFechamento>2025-03-05</DataFechamento>
        <IDCliente>C011</IDCliente>
        <IDTécnico>T001</IDTécnico>
        <TipodeProblema>Hardware</TipodeProblema>
        <Status>Fechado</Status>
    </Chamado>
    <Chamado>
        <IDChamado>87</IDChamado>
        <DataAbertura>2025-02-04</DataAbertura>
        <DataFechamento>2025-02-09</DataFechamento>
        <IDCliente>C001</IDCliente>
        <IDTécnico>T008</IDTécnico>
        <TipodeProblema>Sistema Lento</TipodeProblema>
        <Status>Fechado</Status>
    </Chamado>
    <Chamado>
        <IDChamado>88</IDChamado>
        <DataAbertura>2025-01-07</DataAbertura>
        <DataFechamento />
        <IDCliente>C005</IDCliente>
        <IDTécnico>T007</IDTécnico>
        <TipodeProblema>Login</TipodeProblema>
        <Status>Em Andamento</Status>
    </Chamado>
    <Chamado>
        <IDChamado>89</IDChamado>
        <DataAbertura>2025-02-01</DataAbertura>
        <DataFechamento>2025-02-06</DataFechamento>
        <IDCliente>C017</IDCliente>
        <IDTécnico>T008</IDTécnico>
        <TipodeProblema>Software</TipodeProblema>
        <Status>Fechado</Status>
    </Chamado>
    <Chamado>
        <IDChamado>90</IDChamado>
        <DataAbertura>2025-01-14</DataAbertura>
        <DataFechamento>2025-01-16</DataFechamento>
        <IDCliente>C005</IDCliente>
        <IDTécnico>T004</IDTécnico>
        <TipodeProblema>Login</TipodeProblema>
        <Status>Fechado</Status>
    </Chamado>
    <Chamado>
        <IDChamado>91</IDChamado>
        <DataAbertura>2025-03-20</DataAbertura>
        <DataFechamento>2025-03-26</DataFechamento>
        <IDCliente>C019</IDCliente>
        <IDTécnico>T010</IDTécnico>
        <TipodeProblema>Rede</TipodeProblema>
        <Status>Fechado</Status>
    </Chamado>
    <Chamado>
        <IDChamado>92</IDChamado>
        <DataAbertura>2025-04-01</DataAbertura>
        <DataFechamento>2025-04-10</DataFechamento>
        <IDCliente>C011</IDCliente>
        <IDTécnico>T003</IDTécnico>
        <TipodeProblema>Hardware</TipodeProblema>
        <Status>Fechado</Status>
    </Chamado>
    <Chamado>
        <IDChamado>93</IDChamado>
        <DataAbertura>2025-01-14</DataAbertura>
        <DataFechamento>2025-01-20</DataFechamento>
        <IDCliente>C016</IDCliente>
        <IDTécnico>T007</IDTécnico>
        <TipodeProblema>Software</TipodeProblema>
        <Status>Fechado</Status>
    </Chamado>
    <Chamado>
        <IDChamado>94</IDChamado>
        <DataAbertura>2025-03-18</DataAbertura>
        <DataFechamento>2025-03-27</DataFechamento>
        <IDCliente>C017</IDCliente>
        <IDTécnico>T005</IDTécnico>
        <TipodeProblema>Login</TipodeProblema>
        <Status>Fechado</Status>
    </Chamado>
    <Chamado>
        <IDChamado>95</IDChamado>
        <DataAbertura>2025-02-06</DataAbertura>
        <DataFechamento>2025-02-16</DataFechamento>
        <IDCliente>C013</IDCliente>
        <IDTécnico>T001</IDTécnico>
        <TipodeProblema>Rede</TipodeProblema>
        <Status>Fechado</Status>
    </Chamado>
    <Chamado>
        <IDChamado>96</IDChamado>
        <DataAbertura>2025-01-15</DataAbertura>
        <DataFechamento />
        <IDCliente>C014</IDCliente>
        <IDTécnico>T009</IDTécnico>
        <TipodeProblema>Rede</TipodeProblema>
        <Status>Em Andamento</Status>
    </Chamado>
    <Chamado>
        <IDChamado>97</IDChamado>
        <DataAbertura>2025-01-22</DataAbertura>
        <DataFechamento>2025-01-31</DataFechamento>
        <IDCliente>C018</IDCliente>
        <IDTécnico>T010</IDTécnico>
        <TipodeProblema>Login</TipodeProblema>
        <Status>Fechado</Status>
    </Chamado>
    <Chamado>
        <IDChamado>98</IDChamado>
        <DataAbertura>2025-03-21</DataAbertura>
        <DataFechamento />
        <IDCliente>C008</IDCliente>
        <IDTécnico>T004</IDTécnico>
        <TipodeProblema>Rede</TipodeProblema>
        <Status>Em Andamento</Status>
    </Chamado>
    <Chamado>
        <IDChamado>99</IDChamado>
        <DataAbertura>2025-01-14</DataAbertura>
        <DataFechamento>2025-01-17</DataFechamento>
        <IDCliente>C003</IDCliente>
        <IDTécnico>T002</IDTécnico>
        <TipodeProblema>Login</TipodeProblema>
        <Status>Fechado</Status>
    </Chamado>
    <Chamado>
        <IDChamado>100</IDChamado>
        <DataAbertura>2025-03-25</DataAbertura>
        <DataFechamento />
        <IDCliente>C017</IDCliente>
        <IDTécnico>T007</IDTécnico>
        <TipodeProblema>Software</TipodeProblema>
        <Status>Em Andamento</Status>
    </Chamado>
    <Chamado>
        <IDChamado>101</IDChamado>
        <DataAbertura>2025-04-15</DataAbertura>
        <DataFechamento />
        <IDCliente>C009</IDCliente>
        <IDTécnico>T005</IDTécnico>
        <TipodeProblema>Sistema Lento</TipodeProblema>
        <Status>Aberto</Status>
    </Chamado>
    <Chamado>
        <IDChamado>102</IDChamado>
        <DataAbertura>2025-04-20</DataAbertura>
        <DataFechamento />
        <IDCliente>C008</IDCliente>
        <IDTécnico>T010</IDTécnico>
        <TipodeProblema>Impressora</TipodeProblema>
        <Status>Aberto</Status>
    </Chamado>
    <Chamado>
        <IDChamado>103</IDChamado>
        <DataAbertura>2025-04-21</DataAbertura>
        <DataFechamento />
        <IDCliente>C011</IDCliente>
        <IDTécnico>T007</IDTécnico>
        <TipodeProblema>Hardware</TipodeProblema>
        <Status>Em Andamento</Status>
    </Chamado>
    <Chamado>
        <IDChamado>104</IDChamado>
        <DataAbertura>2025-04-22</DataAbertura>
        <DataFechamento />
        <IDCliente>C013</IDCliente>
        <IDTécnico>T008</IDTécnico>
        <TipodeProblema>Rede</TipodeProblema>
        <Status>Aberto</Status>
    </Chamado>
    <Chamado>
        <IDChamado>105</IDChamado>
        <DataAbertura>2025-04-13</DataAbertura>
        <DataFechamento />
        <IDCliente>C001</IDCliente>
        <IDTécnico>T008</IDTécnico>
        <TipodeProblema>Impressora</TipodeProblema>
        <Status>Em Andamento</Status>
    </Chamado>
</Chamados>